policy_term,policy_payment_mode,policy_status,main_holder_smoker_flag,main_holder_gender,total_sum_assuared,premium_value,payment_method,client_code,product_code,month_rank,total_rider_prem,total_rider_sum_assuared,children_count,current_age,completed_duration,completed_ratio,is_cross_sell,preds
144,-0.0209757365603177,0.3356110295283878,-0.2100901452490181,0.0062039656716371,258000.0,34920.0,-0.1065021106411562,2.5071726106985697,-0.0351727634329577,19,564.0,100000,0,323,0,0.0,0,0
240,-0.0209757365603177,-0.1988816350926321,0.018665512617111,-0.0112524866188775,528000.0,38100.0,0.5367842917706959,2.937955526791024,-0.0351727634329577,19,1848.0,1056000,0,613,31,0.1291666666666666,1,0
240,-0.0209757365603177,0.3356110295283878,0.018665512617111,0.0062039656716371,350000.0,18984.0,-0.1065021106411562,2.5071726106985697,-0.0351727634329577,19,3912.0,490000,2,643,0,0.0,0,0
360,-0.0209757365603177,0.3356110295283878,0.018665512617111,0.0062039656716371,400000.0,25500.0,-0.1065021106411562,2.863847554637302,-0.0351727634329577,19,1404.0,800000,1,516,0,0.0,1,0
240,-0.0209757365603177,0.3356110295283878,0.018665512617111,0.0062039656716371,680000.0,38280.0,0.5367842917706959,3.7111454150245056,-0.0351727634329577,19,7152.0,1360000,0,386,0,0.0,0,0
240,-0.0209757365603177,-0.1988816350926321,0.018665512617111,-0.0112524866188775,230000.0,12504.0,-0.1065021106411562,2.5071726106985697,-0.0351727634329577,19,996.0,100000,0,602,158,0.6583333333333333,0,0
144,-0.0209757365603177,-0.1988816350926321,0.018665512617111,-0.0112524866188775,223000.0,24168.0,0.5367842917706959,3.01799823446456,-0.0351727634329577,19,0.0,0,0,270,27,0.1875,0,0
360,-0.0209757365603177,-0.1988816350926321,0.018665512617111,0.0062039656716371,500000.0,27084.0,-0.1065021106411562,2.5071726106985697,-0.0351727634329577,19,4260.0,3000000,0,510,63,0.175,0,0
360,-0.1375863270313213,-0.1988816350926321,0.018665512617111,0.0062039656716371,300000.0,64400.0,-0.1065021106411562,3.01799823446456,0.3359618796004076,19,0.0,0,0,512,54,0.15,1,0
360,-0.0209757365603177,-0.1988816350926321,0.018665512617111,0.0062039656716371,600000.0,131124.0,0.5367842917706959,3.3056803069163414,0.3359618796004076,19,0.0,0,0,302,12,0.0333333333333333,1,0
180,0.0976516306928045,-0.1988816350926321,0.018665512617111,-0.0112524866188775,195000.0,20344.0,0.5367842917706959,2.669691540196345,-0.0351727634329577,19,0.0,0,0,618,22,0.1222222222222222,0,0
288,-0.0209757365603177,0.3356110295283878,0.018665512617111,0.0062039656716371,313000.0,24240.0,-0.1065021106411562,3.1050096114541903,-0.0351727634329577,19,2364.0,1626000,0,437,0,0.0,1,0
240,-0.0209757365603177,0.3356110295283878,0.018665512617111,0.0062039656716371,200000.0,12084.0,-0.1065021106411562,2.828756234826032,-0.0351727634329577,19,2064.0,500000,1,560,0,0.0,0,0
276,-0.0209757365603177,-0.1988816350926321,0.018665512617111,0.0062039656716371,1200000.0,64884.0,0.5367842917706959,2.9771762399443054,-0.2678160654809588,19,3348.0,5407,0,390,8,0.0289855072463768,1,0
240,-0.0209757365603177,0.3356110295283878,0.018665512617111,0.0062039656716371,300000.0,32484.0,-0.1065021106411562,2.5071726106985697,-0.0351727634329577,19,9444.0,725000,0,628,0,0.0,0,0
240,-0.0209757365603177,-0.1988816350926321,-0.2100901452490181,0.0062039656716371,300000.0,16884.0,-0.1065021106411562,2.5071726106985697,-0.0351727634329577,19,1128.0,350000,0,345,80,0.3333333333333333,0,0
120,-0.0209757365603177,0.3356110295283878,0.018665512617111,0.0062039656716371,100000.0,15444.0,-0.1065021106411562,2.5071726106985697,-0.6801493619141159,19,0.0,0,0,596,0,0.0,0,0
252,-0.0209757365603177,0.3356110295283878,0.018665512617111,0.0062039656716371,400000.0,21684.0,-0.1065021106411562,2.6995445033460257,-0.0351727634329577,19,4512.0,1300000,0,448,0,0.0,1,0
240,-0.1375863270313213,0.6276612979531611,0.018665512617111,0.0062039656716371,200000.0,10676.0,-0.1065021106411562,2.828756234826032,-0.0351727634329577,19,352.0,200000,1,398,0,0.0,1,0
168,-0.0209757365603177,0.3356110295283878,0.018665512617111,0.0062039656716371,145000.0,14340.0,-0.1065021106411562,2.411862430894245,-0.6801493619141159,19,1356.0,100000,0,534,0,0.0,1,0
240,-0.0209757365603177,-0.1988816350926321,-0.2100901452490181,0.0062039656716371,450000.0,28680.0,-0.1065021106411562,3.151529627089083,-0.0351727634329577,19,0.0,0,0,380,12,0.05,1,0
300,0.0976516306928045,0.3356110295283878,0.018665512617111,0.0062039656716371,1000000.0,208064.0,-0.1065021106411562,3.200319791258515,0.3359618796004076,19,0.0,0,0,418,0,0.0,1,0
180,-0.0209757365603177,0.3356110295283878,0.018665512617111,0.0062039656716371,250000.0,18096.0,-0.1065021106411562,1.40856032203046,-0.0351727634329577,19,0.0,0,0,347,0,0.0,0,0
180,-0.0209757365603177,0.6276612979531611,0.018665512617111,-0.0112524866188775,100000.0,8280.0,-0.1065021106411562,3.3628387207562898,-0.6801493619141159,19,0.0,0,0,481,0,0.0,1,0
240,-0.0209757365603177,-0.1988816350926321,0.018665512617111,0.0062039656716371,250000.0,13584.0,-0.1065021106411562,2.5071726106985697,-0.0351727634329577,19,3240.0,500000,1,558,134,0.5583333333333333,0,0
120,-0.0209757365603177,0.3356110295283878,0.018665512617111,-0.0112524866188775,300000.0,65604.0,0.5367842917706959,2.828756234826032,0.3359618796004076,19,0.0,0,0,654,0,0.0,1,0
180,-0.0209757365603177,0.3356110295283878,0.018665512617111,-0.0112524866188775,480000.0,34644.0,-0.1065021106411562,2.669691540196345,-0.0351727634329577,19,0.0,0,0,363,0,0.0,1,0
300,-0.0209757365603177,-0.1988816350926321,0.018665512617111,0.0062039656716371,500000.0,36084.0,0.5367842917706959,2.863847554637302,-0.0351727634329577,19,22692.0,2166665,0,378,25,0.0833333333333333,0,0
144,-0.0209757365603177,-0.1988816350926321,0.018665512617111,-0.0112524866188775,1200000.0,129684.0,0.5367842917706959,2.7303161620127794,-0.0351727634329577,19,0.0,0,0,238,26,0.1805555555555555,1,0
360,-0.0209757365603177,0.3356110295283878,0.018665512617111,-0.0112524866188775,360000.0,19524.0,-0.1065021106411562,3.1050096114541903,-0.0351727634329577,19,1260.0,720000,0,325,0,0.0,1,0
180,-0.0209757365603177,0.3356110295283878,0.018665512617111,0.0062039656716371,500000.0,36084.0,0.5367842917706959,2.76206486032736,-0.0351727634329577,19,0.0,0,0,522,0,0.0,1,0
180,0.0488561421735335,-0.1988816350926321,0.018665512617111,-0.0112524866188775,120000.0,8050.0,-0.1065021106411562,2.5071726106985697,-0.0351727634329577,19,210.0,120000,0,565,172,0.9555555555555556,0,0
180,-0.0209757365603177,-0.1988816350926321,0.018665512617111,-0.0112524866188775,275000.0,19884.0,-0.1065021106411562,3.2342213429341964,-0.0351727634329577,19,1548.0,610000,1,427,80,0.4444444444444444,1,0
228,-0.0209757365603177,-0.1988816350926321,0.018665512617111,0.0062039656716371,502500.0,36264.0,0.5367842917706959,2.6407040033230924,-0.0351727634329577,19,0.0,0,0,386,23,0.1008771929824561,0,0
180,-0.0209757365603177,-0.1988816350926321,0.018665512617111,0.0062039656716371,220000.0,23844.0,-0.1065021106411562,2.5071726106985697,-0.0351727634329577,19,780.0,440000,0,644,76,0.4222222222222222,0,0
120,-0.0209757365603177,-0.1988816350926321,0.018665512617111,-0.0112524866188775,120000.0,13044.0,-0.1065021106411562,2.5584659050861203,-0.0351727634329577,19,0.0,0,0,368,43,0.3583333333333333,1,0
240,-0.0209757365603177,-0.1988816350926321,0.018665512617111,0.0062039656716371,275000.0,60144.0,-0.1065021106411562,2.669691540196345,0.3359618796004076,19,0.0,0,0,551,87,0.3625,1,0
180,-0.0209757365603177,-0.1988816350926321,-0.2100901452490181,0.0062039656716371,265000.0,28704.0,-0.1065021106411562,2.5071726106985697,-0.0351727634329577,19,0.0,0,0,746,156,0.8666666666666667,0,0
240,-0.0209757365603177,-0.1988816350926321,0.018665512617111,0.0062039656716371,300000.0,16284.0,-0.1065021106411562,2.5071726106985697,-0.0351727634329577,19,528.0,300000,0,400,99,0.4125,0,0
120,-0.0209757365603177,-0.1988816350926321,0.018665512617111,-0.0112524866188775,177776.0,24084.0,-0.1065021106411562,1.1208782495786789,-0.0351727634329577,19,0.0,0,0,593,53,0.4416666666666666,0,0
192,0.0488561421735335,-0.1988816350926321,0.018665512617111,0.0062039656716371,2500000.0,250050.0,-0.1065021106411562,1.9333721877711905,-0.0351727634329577,19,8750.0,5000000,0,649,8,0.0416666666666666,1,0
240,-0.0209757365603177,0.6276612979531611,-0.2100901452490181,0.0062039656716371,250000.0,19872.0,-0.1065021106411562,2.828756234826032,-0.0351727634329577,19,2040.0,600000,0,365,0,0.0,1,0
240,-0.0209757365603177,-0.1988816350926321,0.018665512617111,-0.0112524866188775,110000.0,5940.0,-0.1065021106411562,2.5071726106985697,-0.2678160654809588,19,396.0,220000,0,641,164,0.6833333333333333,0,0
240,-0.0209757365603177,-0.1988816350926321,-0.2100901452490181,0.0062039656716371,400000.0,21684.0,-0.1065021106411562,2.5071726106985697,-0.0351727634329577,19,1236.0,450000,2,424,65,0.2708333333333333,0,0
180,-0.0209757365603177,-0.1988816350926321,0.018665512617111,-0.0112524866188775,380000.0,41124.0,-0.1065021106411562,2.937955526791024,-0.0351727634329577,19,0.0,0,0,663,118,0.6555555555555556,1,0
180,-0.0209757365603177,0.6276612979531611,-0.2100901452490181,0.0062039656716371,350000.0,26004.0,-0.1065021106411562,2.9771762399443054,-0.0351727634329577,19,0.0,0,0,566,0,0.0,1,0
360,-0.0209757365603177,-0.1988816350926321,0.018665512617111,0.0062039656716371,1569400.0,342852.0,0.5367842917706959,3.7111454150245056,0.3359618796004076,19,0.0,0,0,383,8,0.0222222222222222,0,0
240,-0.0209757365603177,0.3356110295283878,0.018665512617111,0.0062039656716371,600000.0,32484.0,-0.1065021106411562,2.26422643208818,-0.0351727634329577,19,3480.0,900000,0,424,0,0.0,1,0
240,-0.0209757365603177,-0.1988816350926321,0.018665512617111,0.0062039656716371,600000.0,43284.0,0.5367842917706959,2.937955526791024,-0.0351727634329577,19,2748.0,200000,1,431,31,0.1291666666666666,1,0
300,-0.1375863270313213,-0.1988816350926321,0.018665512617111,-0.0112524866188775,500000.0,107276.0,-0.1065021106411562,2.828756234826032,0.3359618796004076,19,0.0,0,0,466,52,0.1733333333333333,1,0
240,-0.0209757365603177,0.3356110295283878,0.018665512617111,0.0062039656716371,300000.0,16884.0,-0.1065021106411562,2.5071726106985697,-0.0351727634329577,19,3036.0,1000000,0,465,0,0.0,0,0
240,0.0488561421735335,-0.1988816350926321,0.018665512617111,0.0062039656716371,1000000.0,55606.0,-0.1065021106411562,3.060557848883356,-0.0351727634329577,19,0.0,0,1,604,10,0.0416666666666666,0,0
240,-0.0209757365603177,-0.1988816350926321,0.018665512617111,-0.0112524866188775,200000.0,18084.0,-0.1065021106411562,2.5071726106985697,-0.0351727634329577,19,600.0,250000,0,290,87,0.3625,0,0
180,-0.0209757365603177,0.3356110295283878,0.018665512617111,0.0062039656716371,1170000.0,84324.0,0.5367842917706959,2.153000796977956,-0.2678160654809588,19,7200.0,7027,0,561,0,0.0,0,0
252,-0.0209757365603177,0.3356110295283878,0.018665512617111,-0.0112524866188775,350000.0,21084.0,-0.1065021106411562,3.151529627089083,-0.0351727634329577,19,1476.0,450000,1,406,0,0.0,1,0
288,-0.0209757365603177,0.3356110295283878,0.018665512617111,-0.0112524866188775,666660.0,36084.0,0.5367842917706959,2.7303161620127794,-0.2678160654809588,19,1944.0,3007,0,389,0,0.0,1,0
36,1.031354006841398,-0.1988816350926321,0.018665512617111,-0.0112524866188775,355680.0,260000.0,-0.1065021106411562,1.8140254301386245,0.3359618796004076,19,0.0,0,0,645,42,1.1666666666666667,0,0
240,-0.0209757365603177,0.3356110295283878,0.018665512617111,-0.0112524866188775,500000.0,36084.0,-0.1065021106411562,2.7303161620127794,-0.0351727634329577,19,9192.0,1300000,0,577,0,0.0,1,0
240,-0.0209757365603177,0.3356110295283878,0.018665512617111,-0.0112524866188775,200000.0,10884.0,-0.1065021106411562,2.367410668323411,-0.0351727634329577,19,2196.0,600000,0,520,0,0.0,1,0
240,-0.0209757365603177,-0.1988816350926321,0.018665512617111,0.0062039656716371,1570000.0,342972.0,0.5367842917706959,4.250141915757193,0.3359618796004076,19,0.0,0,0,407,10,0.0416666666666666,1,0
360,-0.0209757365603177,-0.1988816350926321,0.018665512617111,0.0062039656716371,800000.0,43284.0,-0.1065021106411562,2.937955526791024,-0.0351727634329577,19,0.0,0,0,367,52,0.1444444444444444,1,0
144,-0.0209757365603177,0.3356110295283878,0.018665512617111,0.0062039656716371,500000.0,109284.0,-0.1065021106411562,3.060557848883356,0.3359618796004076,19,0.0,0,0,423,0,0.0,0,0
180,-0.0209757365603177,0.3356110295283878,0.018665512617111,-0.0112524866188775,200000.0,14484.0,-0.1065021106411562,0.8977346982644693,-0.0351727634329577,19,360.0,200000,0,525,0,0.0,0,0
360,-0.0209757365603177,0.3356110295283878,0.018665512617111,0.0062039656716371,280000.0,61236.0,-0.1065021106411562,3.200319791258515,0.3359618796004076,19,0.0,0,0,354,0,0.0,0,0
180,-0.0209757365603177,-0.1988816350926321,0.018665512617111,-0.0112524866188775,275000.0,60144.0,-0.1065021106411562,3.6057848993666792,0.3359618796004076,19,0.0,0,0,407,13,0.0722222222222222,1,0
240,-0.0209757365603177,-0.1988816350926321,0.018665512617111,-0.0112524866188775,350000.0,18984.0,-0.1065021106411562,1.8393432381229144,-0.0351727634329577,19,0.0,0,0,584,90,0.375,0,0
360,-0.0209757365603177,0.3356110295283878,0.018665512617111,0.0062039656716371,467000.0,102084.0,-0.1065021106411562,2.900215198808177,0.3359618796004076,19,0.0,0,0,417,0,0.0,1,0
240,-0.1375863270313213,-0.1988816350926321,0.018665512617111,0.0062039656716371,150000.0,6956.0,-0.1065021106411562,2.5071726106985697,-0.2678160654809588,19,1468.0,450000,0,594,236,0.9833333333333332,0,0
180,0.0976516306928045,-0.1988816350926321,0.018665512617111,0.0062039656716371,250000.0,26064.0,0.5367842917706959,2.5071726106985697,-0.0351727634329577,19,438.0,250000,0,686,41,0.2277777777777777,0,0
120,0.0976516306928045,-0.1988816350926321,0.018665512617111,0.0062039656716371,440000.0,57264.0,-0.1065021106411562,1.66345257165925,-0.0351727634329577,19,0.0,0,0,630,34,0.2833333333333333,0,0
240,-0.0209757365603177,-0.1988816350926321,0.018665512617111,0.0062039656716371,300000.0,21684.0,-0.1065021106411562,2.5071726106985697,-0.0351727634329577,19,4968.0,1000000,0,543,75,0.3125,0,0
240,-0.0209757365603177,0.3356110295283878,0.018665512617111,0.0062039656716371,1000000.0,90084.0,-0.1065021106411562,3.89346697181846,-0.0351727634329577,19,19380.0,3700000,0,450,0,0.0,0,0
240,-0.0209757365603177,-0.1988816350926321,0.018665512617111,0.0062039656716371,500000.0,36084.0,0.5367842917706959,3.151529627089083,-0.0351727634329577,19,1116.0,550000,0,242,21,0.0875,1,0
180,-0.0209757365603177,-0.1988816350926321,0.018665512617111,-0.0112524866188775,250000.0,18084.0,-0.1065021106411562,2.5071726106985697,-0.0351727634329577,19,1884.0,350000,0,544,100,0.5555555555555556,0,0
300,0.0488561421735335,0.3356110295283878,0.018665512617111,0.0062039656716371,250000.0,50050.0,-0.1065021106411562,2.5071726106985697,0.3359618796004076,19,0.0,0,0,590,0,0.0,0,0
180,-0.0209757365603177,-0.1988816350926321,0.018665512617111,0.0062039656716371,100000.0,10848.0,-0.1065021106411562,2.2840290593843595,-0.2678160654809588,19,4788.0,200000,2,610,66,0.3666666666666666,1,0
240,-0.0209757365603177,0.3356110295283878,0.018665512617111,-0.0112524866188775,400000.0,87444.0,0.5367842917706959,2.900215198808177,0.3359618796004076,19,0.0,0,0,485,0,0.0,1,0
360,-0.1375863270313213,-0.1988816350926321,0.018665512617111,-0.0112524866188775,280000.0,60108.0,-0.1065021106411562,2.863847554637302,0.3359618796004076,19,0.0,0,0,520,46,0.1277777777777777,1,0
180,0.0488561421735335,-0.1988816350926321,0.018665512617111,0.0062039656716371,100000.0,20050.0,0.5367842917706959,2.6995445033460257,-0.0351727634329577,19,0.0,0,0,499,25,0.1388888888888889,1,0
360,-0.0209757365603177,-0.1988816350926321,0.018665512617111,-0.0112524866188775,300000.0,65604.0,-0.1065021106411562,2.76206486032736,0.3359618796004076,19,0.0,0,0,304,56,0.1555555555555555,1,0
216,-0.0209757365603177,0.3356110295283878,0.018665512617111,0.0062039656716371,500000.0,36084.0,-0.1065021106411562,2.7303161620127794,-0.0351727634329577,19,13368.0,1300000,1,348,0,0.0,1,0
180,-0.0209757365603177,-0.1988816350926321,0.018665512617111,-0.0112524866188775,275000.0,60144.0,-0.1065021106411562,2.76206486032736,0.3359618796004076,19,0.0,0,0,553,91,0.5055555555555555,0,0
240,-0.0209757365603177,-0.1988816350926321,0.018665512617111,0.0062039656716371,300000.0,16284.0,-0.1065021106411562,2.5071726106985697,-0.0351727634329577,19,1848.0,700000,0,310,93,0.3875,0,0
360,-0.0209757365603177,0.3356110295283878,0.018665512617111,0.0062039656716371,275000.0,60144.0,-0.1065021106411562,2.669691540196345,0.3359618796004076,19,0.0,0,0,268,0,0.0,0,0
264,-0.0209757365603177,0.3356110295283878,0.018665512617111,-0.0112524866188775,300000.0,46380.0,0.5367842917706959,3.151529627089083,-0.2678160654809588,19,2292.0,3865,0,416,0,0.0,1,0
120,-0.0209757365603177,-0.1988816350926321,0.018665512617111,-0.0112524866188775,112000.0,24276.0,-0.1065021106411562,2.5071726106985697,-0.0351727634329577,19,0.0,0,0,813,105,0.875,0,0
240,-0.0209757365603177,-0.1988816350926321,0.018665512617111,-0.0112524866188775,666660.0,36084.0,0.5367842917706959,1.8140254301386245,-0.0351727634329577,19,0.0,0,1,397,43,0.1791666666666666,0,0
120,-0.1375863270313213,-0.1988816350926321,-0.2100901452490181,0.0062039656716371,77500.0,18280.0,-0.1065021106411562,2.5071726106985697,-0.0351727634329577,19,0.0,0,0,726,126,1.05,0,0
240,-0.0209757365603177,0.3356110295283878,0.018665512617111,0.0062039656716371,450000.0,27084.0,-0.1065021106411562,2.669691540196345,-0.0351727634329577,19,792.0,450000,0,585,0,0.0,1,0
180,-0.0209757365603177,0.6276612979531611,0.018665512617111,-0.0112524866188775,250000.0,18084.0,-0.1065021106411562,3.151529627089083,-0.0351727634329577,19,0.0,0,0,447,0,0.0,0,0
240,-0.0209757365603177,-0.1988816350926321,0.018665512617111,0.0062039656716371,223000.0,12132.0,-0.1065021106411562,2.5071726106985697,-0.0351727634329577,19,588.0,223000,0,320,104,0.4333333333333333,0,0
180,-0.0209757365603177,0.3356110295283878,0.018665512617111,0.0062039656716371,400000.0,28884.0,-0.1065021106411562,2.828756234826032,-0.0351727634329577,19,708.0,400000,1,540,0,0.0,1,0
240,-0.0209757365603177,0.3356110295283878,-0.2100901452490181,0.0062039656716371,350000.0,18984.0,-0.1065021106411562,2.207068018248232,-0.0351727634329577,19,1272.0,450000,0,447,0,0.0,1,0
240,-0.1375863270313213,0.3356110295283878,0.018665512617111,0.0062039656716371,850000.0,45128.0,-0.1065021106411562,2.669691540196345,-0.0351727634329577,19,2976.0,1700000,0,463,0,0.0,1,0
240,-0.0209757365603177,0.3356110295283878,0.018665512617111,0.0062039656716371,275000.0,14940.0,-0.1065021106411562,2.5071726106985697,-0.0351727634329577,19,0.0,0,0,417,0,0.0,0,0
360,-0.0209757365603177,-0.1988816350926321,0.018665512617111,0.0062039656716371,400000.0,21684.0,-0.1065021106411562,3.151529627089083,-0.0351727634329577,19,0.0,0,1,427,48,0.1333333333333333,1,0
240,-0.1375863270313213,0.6276612979531611,0.018665512617111,0.0062039656716371,100000.0,4628.0,-0.1065021106411562,1.801602910140067,-0.2678160654809588,19,804.0,200000,0,567,0,0.0,1,0
312,-0.0209757365603177,0.3356110295283878,0.018665512617111,0.0062039656716371,750000.0,163884.0,-0.1065021106411562,2.458382446529137,0.3359618796004076,19,0.0,0,0,376,0,0.0,1,0
180,-0.0209757365603177,0.3356110295283878,0.018665512617111,0.0062039656716371,320000.0,23124.0,-0.1065021106411562,2.669691540196345,-0.0351727634329577,19,1380.0,420000,0,260,0,0.0,1,0
180,0.0488561421735335,-0.1988816350926321,0.018665512617111,-0.0112524866188775,225000.0,15050.0,-0.1065021106411562,2.7948546831503505,-0.0351727634329577,19,0.0,0,0,332,27,0.15,1,0
120,-0.0209757365603177,0.6276612979531611,0.018665512617111,-0.0112524866188775,212000.0,22980.0,-0.1065021106411562,1.8140254301386245,-0.0351727634329577,19,0.0,0,0,550,0,0.0,0,0
360,0.0488561421735335,-0.1988816350926321,0.018665512617111,-0.0112524866188775,500000.0,100050.0,-0.1065021106411562,2.900215198808177,0.3359618796004076,19,0.0,0,0,547,30,0.0833333333333333,1,0
180,-0.1375863270313213,-0.1988816350926321,0.018665512617111,0.0062039656716371,400000.0,28344.0,0.5367842917706959,2.937955526791024,-0.0351727634329577,19,0.0,0,0,483,31,0.1722222222222222,1,0
336,-0.0209757365603177,-0.1988816350926321,0.018665512617111,0.0062039656716371,1000000.0,54084.0,-0.1065021106411562,2.5071726106985697,-0.0351727634329577,19,3504.0,2000000,1,322,13,0.0386904761904761,1,0
240,-0.0209757365603177,0.3356110295283878,0.018665512617111,-0.0112524866188775,225000.0,12240.0,-0.1065021106411562,2.7303161620127794,-0.0351727634329577,19,4368.0,3336000,0,486,0,0.0,1,0
180,-0.0209757365603177,-0.1988816350926321,0.018665512617111,0.0062039656716371,350000.0,25284.0,-0.1065021106411562,2.5071726106985697,-0.0351727634329577,19,1236.0,700000,0,375,143,0.7944444444444444,0,0
192,-0.0209757365603177,-0.1988816350926321,0.018665512617111,-0.0112524866188775,210000.0,16140.0,-0.1065021106411562,2.5071726106985697,-0.6801493619141159,19,960.0,200000,0,513,197,1.0260416666666667,0,0
240,-0.0209757365603177,-0.1988816350926321,0.018665512617111,-0.0112524866188775,700000.0,37884.0,-0.1065021106411562,4.250141915757193,-0.0351727634329577,19,11736.0,1900000,3,454,13,0.0541666666666666,1,0
36,1.031354006841398,-0.1988816350926321,0.018665512617111,0.0062039656716371,665500.0,500000.0,-0.1065021106411562,2.7948546831503505,0.3359618796004076,19,0.0,0,0,481,31,0.8611111111111112,1,0
180,-0.0209757365603177,-0.1988816350926321,0.018665512617111,0.0062039656716371,615000.0,44364.0,0.5367842917706959,2.937955526791024,-0.0351727634329577,19,2160.0,1230000,0,546,26,0.1444444444444444,0,0
120,0.0976516306928045,-0.1988816350926321,0.018665512617111,0.0062039656716371,260000.0,33864.0,-0.1065021106411562,2.937955526791024,-0.0351727634329577,19,0.0,0,0,581,31,0.2583333333333333,1,0
180,-0.0209757365603177,-0.1988816350926321,0.018665512617111,-0.0112524866188775,145000.0,11988.0,-0.1065021106411562,2.5071726106985697,-0.6801493619141159,19,804.0,140000,0,385,68,0.3777777777777777,0,0
240,-0.0209757365603177,0.3356110295283878,0.018665512617111,0.0062039656716371,250000.0,18084.0,-0.1065021106411562,3.01799823446456,-0.0351727634329577,19,1356.0,600000,0,306,0,0.0,1,0
180,0.0488561421735335,-0.1988816350926321,0.018665512617111,-0.0112524866188775,225000.0,15050.0,-0.1065021106411562,2.6995445033460257,-0.0351727634329577,19,0.0,0,0,486,36,0.2,1,0
240,-0.0209757365603177,-0.1988816350926321,0.018665512617111,0.0062039656716371,785000.0,171528.0,-0.1065021106411562,2.5851341521682816,0.3359618796004076,19,0.0,0,0,547,70,0.2916666666666667,1,0
180,0.0488561421735335,-0.1988816350926321,0.018665512617111,0.0062039656716371,1250000.0,250050.0,-0.1065021106411562,2.900215198808177,0.3359618796004076,19,0.0,0,0,708,30,0.1666666666666666,0,0
180,0.0488561421735335,-0.1988816350926321,0.018665512617111,-0.0112524866188775,300000.0,60050.0,-0.1065021106411562,2.3042317667018795,0.3359618796004076,19,0.0,0,0,468,28,0.1555555555555555,1,0
120,-0.0209757365603177,0.3356110295283878,0.018665512617111,-0.0112524866188775,112500.0,24384.0,-0.1065021106411562,2.5071726106985697,-0.0351727634329577,19,948.0,50000,0,571,0,0.0,0,0
120,-0.0209757365603177,0.3356110295283878,0.018665512617111,0.0062039656716371,233380.0,36096.0,-0.1065021106411562,2.458382446529137,-0.0351727634329577,19,0.0,0,0,556,0,0.0,0,0
120,0.0488561421735335,-0.1988816350926321,0.018665512617111,0.0062039656716371,2500000.0,500050.0,-0.1065021106411562,2.709696874810044,0.3359618796004076,19,0.0,0,0,363,26,0.2166666666666666,1,0
180,-0.0209757365603177,-0.1988816350926321,0.018665512617111,0.0062039656716371,150000.0,10968.0,-0.1065021106411562,2.5941839876882,-0.0351727634329577,19,396.0,150000,0,475,135,0.75,0,0
240,-0.0209757365603177,0.6276612979531611,0.018665512617111,-0.0112524866188775,200000.0,10884.0,-0.1065021106411562,2.900215198808177,-0.0351727634329577,19,1200.0,500000,0,445,0,0.0,1,0
240,-0.0209757365603177,0.3356110295283878,-0.2100901452490181,0.0062039656716371,400000.0,21684.0,-0.1065021106411562,2.5071726106985697,-0.0351727634329577,19,0.0,0,0,455,0,0.0,0,0
144,-0.1375863270313213,0.3356110295283878,0.018665512617111,-0.0112524866188775,2500000.0,536076.0,0.5367842917706959,2.669691540196345,0.3359618796004076,19,0.0,0,0,436,0,0.0,0,0
240,-0.0209757365603177,0.3356110295283878,0.018665512617111,-0.0112524866188775,334000.0,18120.0,-0.1065021106411562,1.8140254301386245,-0.0351727634329577,19,0.0,0,0,400,0,0.0,0,0
180,0.0488561421735335,0.3356110295283878,0.018665512617111,0.0062039656716371,170000.0,17050.0,-0.1065021106411562,2.6995445033460257,-0.0351727634329577,19,0.0,0,1,663,0,0.0,1,0
240,-0.0209757365603177,0.3356110295283878,0.018665512617111,0.0062039656716371,450000.0,24384.0,-0.1065021106411562,1.7652352659691923,-0.0351727634329577,19,0.0,0,0,417,0,0.0,0,0
348,-0.0209757365603177,-0.1988816350926321,0.018665512617111,0.0062039656716371,360000.0,19524.0,-0.1065021106411562,1.9101692906915264,-0.0351727634329577,19,1092.0,720000,0,333,81,0.2327586206896551,1,0
156,-0.0209757365603177,0.3356110295283878,0.018665512617111,0.0062039656716371,100000.0,11784.0,-0.1065021106411562,2.5071726106985697,-0.6801493619141159,19,0.0,0,1,621,0,0.0,0,0
300,-0.0209757365603177,0.3356110295283878,0.018665512617111,0.0062039656716371,350000.0,27084.0,-0.1065021106411562,2.7303161620127794,-0.0351727634329577,19,4416.0,1900000,0,385,0,0.0,1,0
252,-0.0209757365603177,0.6276612979531611,0.018665512617111,0.0062039656716371,340000.0,24564.0,-0.1065021106411562,3.01799823446456,-0.0351727634329577,19,0.0,0,0,610,0,0.0,1,0
240,0.0488561421735335,0.3356110295283878,0.018665512617111,-0.0112524866188775,300000.0,15050.0,-0.1065021106411562,3.075156648304509,-0.0351727634329577,19,0.0,0,0,359,0,0.0,1,0
240,-0.0209757365603177,-0.1988816350926321,0.018665512617111,0.0062039656716371,275000.0,60144.0,0.5367842917706959,2.9771762399443054,0.3359618796004076,19,0.0,0,0,495,8,0.0333333333333333,1,0
360,-0.0209757365603177,0.3356110295283878,0.018665512617111,0.0062039656716371,700000.0,37884.0,-0.1065021106411562,2.937955526791024,-0.0351727634329577,19,2460.0,1400000,2,514,0,0.0,1,0
120,-0.0209757365603177,0.3356110295283878,0.018665512617111,0.0062039656716371,300000.0,36084.0,0.5367842917706959,2.5071726106985697,-0.0351727634329577,19,0.0,0,0,322,0,0.0,0,0
240,-0.0209757365603177,0.3356110295283878,0.018665512617111,0.0062039656716371,1000000.0,218484.0,-0.1065021106411562,2.5071726106985697,0.3359618796004076,19,0.0,0,0,482,0,0.0,0,0
360,-0.0209757365603177,0.3356110295283878,0.018665512617111,-0.0112524866188775,275000.0,60144.0,-0.1065021106411562,2.863847554637302,0.3359618796004076,19,0.0,0,0,245,0,0.0,0,0
300,-0.0209757365603177,-0.1988816350926321,0.018665512617111,0.0062039656716371,500000.0,54084.0,-0.1065021106411562,2.5851341521682816,-0.0351727634329577,19,17520.0,1400000,1,572,53,0.1766666666666666,1,0
120,-0.1375863270313213,-0.1988816350926321,0.018665512617111,-0.0112524866188775,250000.0,53676.0,0.5367842917706959,3.5569947351972475,0.3359618796004076,19,0.0,0,0,642,31,0.2583333333333333,0,0
180,-0.0209757365603177,0.3356110295283878,0.018665512617111,0.0062039656716371,320000.0,24780.0,-0.1065021106411562,2.5071726106985697,-0.0351727634329577,19,1680.0,640000,0,465,0,0.0,0,0
360,-0.0209757365603177,-0.1988816350926321,0.018665512617111,0.0062039656716371,2000000.0,108084.0,0.5367842917706959,2.900215198808177,-0.0351727634329577,19,7008.0,4000000,1,401,30,0.0833333333333333,1,0
348,0.0488561421735335,-0.1988816350926321,0.018665512617111,0.0062039656716371,587500.0,117550.0,0.5367842917706959,2.612533126356396,0.3359618796004076,19,0.0,0,0,567,21,0.0603448275862069,0,0
240,-0.0209757365603177,-0.1988816350926321,0.018665512617111,0.0062039656716371,302000.0,66048.0,0.5367842917706959,3.4234633425727248,0.3359618796004076,19,0.0,0,0,412,28,0.1166666666666666,1,0
240,0.0488561421735335,0.6276612979531611,0.018665512617111,-0.0112524866188775,350000.0,31869.0,-0.1065021106411562,2.6407040033230924,-0.0351727634329577,19,1090.0,450000,0,260,0,0.0,1,0
132,-0.0209757365603177,-0.1988816350926321,0.018665512617111,0.0062039656716371,400000.0,87444.0,0.5367842917706959,2.828756234826032,0.3359618796004076,19,0.0,0,0,664,28,0.2121212121212121,1,0
180,0.0488561421735335,-0.1988816350926321,0.018665512617111,-0.0112524866188775,100000.0,20050.0,0.5367842917706959,2.669691540196345,-0.0351727634329577,19,2323.0,250000,0,588,24,0.1333333333333333,1,0
144,-0.0209757365603177,-0.1988816350926321,0.018665512617111,-0.0112524866188775,675000.0,147504.0,0.5367842917706959,3.10500961145419,0.3359618796004076,19,0.0,0,0,517,8,0.0555555555555555,1,0
264,-0.0209757365603177,-0.1988816350926321,-0.2100901452490181,0.0062039656716371,1200000.0,64884.0,0.5367842917706959,2.3893895750421863,-0.0351727634329577,19,28500.0,2900000,0,527,8,0.0303030303030303,1,0
240,0.0488561421735335,-0.1988816350926321,0.018665512617111,0.0062039656716371,505000.0,102060.0,-0.1065021106411562,4.404292595584451,0.3359618796004076,19,0.0,0,0,351,9,0.0375,1,0
240,-0.0209757365603177,0.3356110295283878,0.018665512617111,0.0062039656716371,670000.0,36264.0,0.5367842917706959,2.900215198808177,-0.0351727634329577,19,2256.0,100000,0,489,0,0.0,1,0
276,-0.0209757365603177,-0.1988816350926321,0.018665512617111,0.0062039656716371,275000.0,60144.0,-0.1065021106411562,1.8140254301386245,0.3359618796004076,19,0.0,0,0,680,74,0.2681159420289855,0,0
180,-0.0209757365603177,-0.1988816350926321,0.018665512617111,0.0062039656716371,200000.0,43284.0,-0.1065021106411562,2.5071726106985697,-0.0351727634329577,19,0.0,0,0,754,58,0.3222222222222222,0,0
216,0.0488561421735335,-0.1988816350926321,0.018665512617111,0.0062039656716371,275000.0,55050.0,-0.1065021106411562,3.5569947351972475,0.3359618796004076,19,0.0,0,0,691,8,0.037037037037037,1,0
180,-0.0209757365603177,0.3356110295283878,-0.2100901452490181,0.0062039656716371,260000.0,18804.0,-0.1065021106411562,2.5071726106985697,-0.0351727634329577,19,1764.0,360000,3,449,0,0.0,0,0
180,0.0976516306928045,0.3356110295283878,0.018665512617111,-0.0112524866188775,150000.0,10464.0,-0.1065021106411562,2.900215198808177,-0.0351727634329577,19,0.0,0,0,484,0,0.0,1,0
240,-0.0209757365603177,-0.1988816350926321,0.018665512617111,-0.0112524866188775,160000.0,8724.0,-0.1065021106411562,2.5071726106985697,-0.0351727634329577,19,1356.0,580000,0,520,140,0.5833333333333334,0,0
228,0.0488561421735335,-0.1988816350926321,0.018665512617111,0.0062039656716371,1050000.0,70050.0,-0.1065021106411562,2.9771762399443054,-0.2678160654809588,19,3498.0,70050,0,438,8,0.0350877192982456,1,0
180,-0.0209757365603177,0.6276612979531611,0.018665512617111,0.0062039656716371,400000.0,28884.0,-0.1065021106411562,2.9771762399443054,-0.0351727634329577,19,3540.0,1100000,0,559,0,0.0,1,0
300,-0.0209757365603177,0.3356110295283878,0.018665512617111,0.0062039656716371,1000000.0,54084.0,-0.1065021106411562,2.3042317667018795,-0.0351727634329577,19,7536.0,2300000,0,388,0,0.0,1,0
240,-0.0209757365603177,-0.1988816350926321,0.018665512617111,-0.0112524866188775,350000.0,21084.0,-0.1065021106411562,1.8140254301386245,-0.0351727634329577,19,2700.0,450000,0,690,127,0.5291666666666667,0,0
180,-0.0209757365603177,0.6276612979531611,0.018665512617111,0.0062039656716371,340000.0,24564.0,-0.1065021106411562,2.7303161620127794,-0.0351727634329577,19,1080.0,440000,0,355,0,0.0,1,0
180,-0.0209757365603177,0.3356110295283878,0.018665512617111,-0.0112524866188775,280000.0,61236.0,-0.1065021106411562,2.7303161620127794,0.3359618796004076,19,0.0,0,0,657,0,0.0,1,0
120,-0.0209757365603177,-0.1988816350926321,0.018665512617111,-0.0112524866188775,275000.0,60144.0,0.5367842917706959,3.7111454150245056,0.3359618796004076,19,0.0,0,0,425,8,0.0666666666666666,0,0
240,-0.1375863270313213,0.3356110295283878,0.018665512617111,-0.0112524866188775,100000.0,5376.0,-0.1065021106411562,1.8140254301386245,-0.0351727634329577,19,0.0,0,2,523,0,0.0,0,0
240,-0.0209757365603177,-0.1988816350926321,0.018665512617111,0.0062039656716371,350000.0,31596.0,-0.1065021106411562,2.5071726106985697,-0.0351727634329577,19,7104.0,1050000,0,490,63,0.2625,0,0
156,-0.0209757365603177,0.3356110295283878,0.018665512617111,-0.0112524866188775,295000.0,31944.0,-0.1065021106411562,2.135609054266087,-0.0351727634329577,19,528.0,295000,0,382,0,0.0,1,0
180,-0.0209757365603177,-0.1988816350926321,0.018665512617111,0.0062039656716371,250000.0,27084.0,0.5367842917706959,2.684506625981485,-0.0351727634329577,19,0.0,0,0,428,26,0.1444444444444444,1,0
240,-0.0209757365603177,0.6276612979531611,0.018665512617111,0.0062039656716371,200000.0,10884.0,-0.1065021106411562,2.772875776431575,-0.0351727634329577,19,2736.0,600000,0,548,0,0.0,1,0
180,-0.0209757365603177,-0.1988816350926321,0.018665512617111,-0.0112524866188775,540000.0,38964.0,0.5367842917706959,2.937955526791024,-0.0351727634329577,19,0.0,0,0,374,31,0.1722222222222222,0,0
240,-0.0209757365603177,-0.1988816350926321,0.018665512617111,0.0062039656716371,400000.0,43284.0,0.5367842917706959,1.9765443596363996,-0.0351727634329577,19,2364.0,900000,0,382,22,0.0916666666666666,0,0
120,-0.1375863270313213,-0.1988816350926321,0.018665512617111,-0.0112524866188775,2750000.0,589676.0,-0.1065021106411562,3.060557848883356,0.3359618796004076,19,0.0,0,0,662,36,0.3,1,0
240,-0.0209757365603177,0.3356110295283878,0.018665512617111,0.0062039656716371,150000.0,18084.0,-0.1065021106411562,2.5071726106985697,-0.0351727634329577,19,996.0,200000,2,441,0,0.0,0,0
120,0.0488561421735335,0.6276612979531611,0.018665512617111,0.0062039656716371,1000000.0,166717.0,-0.1065021106411562,1.8140254301386245,-0.0351727634329577,19,5750.0,5000000,0,745,0,0.0,0,0
240,-0.0209757365603177,-0.1988816350926321,0.018665512617111,0.0062039656716371,400000.0,25500.0,0.5367842917706959,2.7303161620127794,-0.0351727634329577,19,4128.0,900000,0,518,26,0.1083333333333333,1,0
132,-0.1375863270313213,0.3356110295283878,0.018665512617111,0.0062039656716371,1000000.0,106076.0,0.5367842917706959,2.863847554637302,-0.2678160654809588,19,5836.0,26519,0,532,0,0.0,1,0
120,-0.1375863270313213,0.3356110295283878,0.018665512617111,0.0062039656716371,525000.0,55728.0,-0.1065021106411562,2.9771762399443054,-0.0351727634329577,19,1380.0,525000,0,511,0,0.0,1,0
240,-0.0209757365603177,-0.1988816350926321,0.018665512617111,0.0062039656716371,300000.0,36084.0,0.5367842917706959,2.937955526791024,-0.0351727634329577,19,0.0,0,2,502,31,0.1291666666666666,1,0
120,-0.0209757365603177,0.3356110295283878,0.018665512617111,-0.0112524866188775,333330.0,36084.0,-0.1065021106411562,2.9771762399443054,-0.0351727634329577,19,2448.0,1199990,0,282,0,0.0,1,0
180,-0.0209757365603177,-0.1988816350926321,0.018665512617111,0.0062039656716371,320000.0,69972.0,0.5367842917706959,2.76206486032736,0.3359618796004076,19,0.0,0,0,445,27,0.15,1,0
240,-0.0209757365603177,0.3356110295283878,0.018665512617111,-0.0112524866188775,244500.0,24096.0,-0.1065021106411562,2.7303161620127794,-0.0351727634329577,19,12924.0,344500,0,555,0,0.0,1,0
180,-0.0209757365603177,-0.1988816350926321,0.018665512617111,0.0062039656716371,250000.0,18588.0,-0.1065021106411562,2.5071726106985697,-0.0351727634329577,19,660.0,250000,0,396,122,0.6777777777777778,0,0
180,0.0976516306928045,0.3356110295283878,0.018665512617111,0.0062039656716371,96160.0,20066.0,-0.1065021106411562,1.40856032203046,-0.0351727634329577,19,0.0,0,0,578,0,0.0,0,0
360,-0.0209757365603177,-0.1988816350926321,0.018665512617111,-0.0112524866188775,378500.0,82752.0,-0.1065021106411562,1.8140254301386245,0.3359618796004076,19,0.0,0,0,298,76,0.2111111111111111,0,0
264,-0.0209757365603177,0.3356110295283878,0.018665512617111,0.0062039656716371,800000.0,43284.0,-0.1065021106411562,2.5071726106985697,-0.0351727634329577,19,23448.0,1500000,0,564,0,0.0,0,0
240,-0.0209757365603177,-0.1988816350926321,0.018665512617111,-0.0112524866188775,275000.0,60144.0,-0.1065021106411562,2.5071726106985697,0.3359618796004076,19,0.0,0,0,328,65,0.2708333333333333,0,0
240,-0.0209757365603177,0.3356110295283878,0.018665512617111,0.0062039656716371,250000.0,18084.0,-0.1065021106411562,2.411862430894245,-0.0351727634329577,19,4404.0,1050000,1,450,0,0.0,1,0
180,0.0976516306928045,-0.1988816350926321,0.018665512617111,-0.0112524866188775,120000.0,12156.0,-0.1065021106411562,2.5071726106985697,-0.2678160654809588,19,4800.0,352500,0,627,64,0.3555555555555555,0,0
120,0.0488561421735335,0.6276612979531611,0.018665512617111,0.0062039656716371,225000.0,33087.0,-0.1065021106411562,2.207068018248232,-0.6801493619141159,19,838.0,50000,3,637,0,0.0,1,0
240,-0.0209757365603177,-0.1988816350926321,0.018665512617111,-0.0112524866188775,225000.0,12240.0,-0.1065021106411562,2.5071726106985697,-0.0351727634329577,19,6000.0,4825000,0,532,135,0.5625,0,0
360,-0.0209757365603177,0.3356110295283878,0.018665512617111,0.0062039656716371,1000000.0,54084.0,-0.1065021106411562,3.7111454150245056,-0.0351727634329577,19,3504.0,2000000,0,475,0,0.0,1,0
180,-0.0209757365603177,-0.1988816350926321,0.018665512617111,0.0062039656716371,440000.0,31764.0,-0.1065021106411562,3.01799823446456,-0.0351727634329577,19,0.0,0,0,531,62,0.3444444444444444,1,0
240,-0.1375863270313213,0.3356110295283878,0.018665512617111,-0.0112524866188775,50000.0,3696.0,-0.1065021106411562,2.7303161620127794,-0.2678160654809588,19,404.0,100000,0,574,0,0.0,1,0
180,-0.0209757365603177,0.3356110295283878,0.018665512617111,-0.0112524866188775,173300.0,17604.0,-0.1065021106411562,1.6742634877634657,-0.0351727634329577,19,0.0,0,0,714,0,0.0,1,0
180,-0.0209757365603177,-0.1988816350926321,0.018665512617111,0.0062039656716371,250000.0,18084.0,-0.1065021106411562,2.5071726106985697,-0.0351727634329577,19,1536.0,400000,0,470,145,0.8055555555555556,0,0
240,-0.0209757365603177,-0.1988816350926321,0.018665512617111,-0.0112524866188775,330000.0,17904.0,-0.1065021106411562,2.5071726106985697,-0.0351727634329577,19,1068.0,430000,0,430,108,0.45,0,0
240,-0.0209757365603177,0.3356110295283878,0.018665512617111,-0.0112524866188775,140000.0,8484.0,-0.1065021106411562,2.5071726106985697,-0.0351727634329577,19,0.0,0,0,701,0,0.0,0,0
240,-0.0209757365603177,-0.1988816350926321,0.018665512617111,0.0062039656716371,450000.0,24384.0,-0.1065021106411562,2.367410668323411,-0.0351727634329577,19,3204.0,1100000,0,378,55,0.2291666666666666,1,0
240,-0.1375863270313213,-0.1988816350926321,0.018665512617111,0.0062039656716371,280000.0,60108.0,0.5367842917706959,3.7111454150245056,0.3359618796004076,19,0.0,0,0,570,8,0.0333333333333333,0,0
180,-0.0209757365603177,-0.1988816350926321,0.018665512617111,0.0062039656716371,275000.0,60144.0,0.5367842917706959,2.5071726106985697,0.3359618796004076,19,0.0,0,0,485,41,0.2277777777777777,0,0
240,-0.0209757365603177,0.3356110295283878,0.018665512617111,-0.0112524866188775,670000.0,36264.0,0.5367842917706959,3.01799823446456,-0.0351727634329577,19,756.0,100000,0,340,0,0.0,1,0
120,0.0488561421735335,-0.1988816350926321,0.018665512617111,-0.0112524866188775,490000.0,98050.0,-0.1065021106411562,2.0063973227860803,-0.0351727634329577,19,0.0,0,0,537,31,0.2583333333333333,1,0
240,-0.0209757365603177,0.3356110295283878,0.018665512617111,-0.0112524866188775,274725.0,60084.0,-0.1065021106411562,2.9771762399443054,0.3359618796004076,19,0.0,0,0,562,0,0.0,1,0
300,-0.0209757365603177,0.3356110295283878,0.018665512617111,0.0062039656716371,275000.0,60144.0,-0.1065021106411562,3.5569947351972475,0.3359618796004076,19,0.0,0,0,225,0,0.0,1,0
360,-0.0209757365603177,0.3356110295283878,0.018665512617111,-0.0112524866188775,300000.0,65604.0,-0.1065021106411562,2.863847554637302,0.3359618796004076,19,0.0,0,0,542,0,0.0,1,0
120,-0.0209757365603177,0.3356110295283878,0.018665512617111,-0.0112524866188775,166665.0,36084.0,-0.1065021106411562,2.5071726106985697,-0.0351727634329577,19,0.0,0,0,379,0,0.0,1,0
240,-0.0209757365603177,-0.1988816350926321,0.018665512617111,0.0062039656716371,350000.0,18984.0,-0.1065021106411562,2.5851341521682816,-0.0351727634329577,19,624.0,350000,0,409,174,0.725,1,0
180,0.0488561421735335,-0.1988816350926321,0.018665512617111,-0.0112524866188775,225000.0,15050.0,-0.1065021106411562,2.76206486032736,-0.0351727634329577,19,0.0,0,0,510,27,0.15,1,0
144,-0.1375863270313213,-0.1988816350926321,0.018665512617111,-0.0112524866188775,275000.0,29228.0,-0.1065021106411562,2.5071726106985697,-0.0351727634329577,19,0.0,0,0,369,55,0.3819444444444444,0,0
360,-0.0209757365603177,-0.1988816350926321,0.018665512617111,-0.0112524866188775,300000.0,65604.0,0.5367842917706959,2.6995445033460257,0.3359618796004076,19,0.0,0,0,298,25,0.0694444444444444,1,0
240,-0.0209757365603177,-0.1988816350926321,0.018665512617111,0.0062039656716371,400000.0,21684.0,-0.1065021106411562,2.5071726106985697,-0.0351727634329577,19,708.0,400000,0,545,115,0.4791666666666667,0,0
180,-0.0209757365603177,-0.1988816350926321,0.018665512617111,-0.0112524866188775,140000.0,10164.0,-0.1065021106411562,2.5071726106985697,-0.0351727634329577,19,252.0,140000,0,486,108,0.6,0,0
240,-0.0209757365603177,0.3356110295283878,0.018665512617111,0.0062039656716371,275000.0,60144.0,0.5367842917706959,2.6995445033460257,0.3359618796004076,19,0.0,0,0,591,0,0.0,1,0
360,-0.0209757365603177,0.3356110295283878,-0.2100901452490181,0.0062039656716371,750000.0,40584.0,0.5367842917706959,2.5071726106985697,-0.0351727634329577,19,21972.0,2250000,0,318,0,0.0,0,0
180,-0.0209757365603177,0.3356110295283878,-0.2100901452490181,0.0062039656716371,300000.0,36084.0,0.5367842917706959,3.01799823446456,-0.0351727634329577,19,9684.0,950000,0,294,0,0.0,1,0
180,-0.0209757365603177,-0.1988816350926321,0.018665512617111,0.0062039656716371,125000.0,13584.0,-0.1065021106411562,2.5071726106985697,-0.0351727634329577,19,2388.0,185000,0,739,121,0.6722222222222223,0,0
240,-0.0209757365603177,-0.1988816350926321,0.018665512617111,0.0062039656716371,250000.0,24636.0,-0.1065021106411562,2.5071726106985697,-0.0351727634329577,19,4968.0,600000,0,600,51,0.2125,0,0
216,-0.0209757365603177,0.3356110295283878,0.018665512617111,0.0062039656716371,330000.0,72156.0,-0.1065021106411562,2.5071726106985697,0.3359618796004076,19,0.0,0,0,461,0,0.0,0,0
36,1.031354006841398,-0.1988816350926321,0.018665512617111,-0.0112524866188775,399300.0,300000.0,-0.1065021106411562,3.3056803069163414,0.3359618796004076,19,0.0,0,0,618,30,0.8333333333333334,1,0
300,-0.0209757365603177,0.6276612979531611,0.018665512617111,0.0062039656716371,780000.0,42204.0,-0.1065021106411562,3.631102707350969,-0.0351727634329577,19,2736.0,1560000,0,285,0,0.0,1,0
240,-0.0209757365603177,0.3356110295283878,0.018665512617111,-0.0112524866188775,125000.0,27084.0,-0.1065021106411562,3.3628387207562898,-0.0351727634329577,19,444.0,250000,0,502,0,0.0,1,0
240,-0.0209757365603177,-0.1988816350926321,0.018665512617111,0.0062039656716371,200000.0,22104.0,-0.1065021106411562,2.5071726106985697,-0.0351727634329577,19,1236.0,50000,0,612,124,0.5166666666666667,0,0
300,-0.0209757365603177,-0.1988816350926321,0.018665512617111,-0.0112524866188775,250000.0,17352.0,-0.1065021106411562,1.9193859457964508,-0.2678160654809588,19,4464.0,1050000,0,532,183,0.61,1,0
240,-0.0209757365603177,-0.1988816350926321,0.018665512617111,0.0062039656716371,300000.0,65604.0,-0.1065021106411562,2.631225259368549,0.3359618796004076,19,0.0,0,0,442,56,0.2333333333333333,1,0
240,0.0488561421735335,-0.1988816350926321,0.018665512617111,0.0062039656716371,300000.0,60050.0,-0.1065021106411562,2.5071726106985697,0.3359618796004076,19,0.0,0,0,665,59,0.2458333333333333,0,0
180,-0.0209757365603177,-0.1988816350926321,0.018665512617111,-0.0112524866188775,250000.0,54084.0,0.5367842917706959,4.250141915757193,-0.0351727634329577,19,0.0,0,0,483,12,0.0666666666666666,1,0
240,-0.1375863270313213,-0.1988816350926321,0.018665512617111,0.0062039656716371,300000.0,15976.0,-0.1065021106411562,1.8140254301386245,-0.0351727634329577,19,528.0,300000,0,603,118,0.4916666666666666,0,0
180,-0.0209757365603177,-0.1988816350926321,0.018665512617111,0.0062039656716371,400000.0,28884.0,-0.1065021106411562,2.828756234826032,-0.0351727634329577,19,2016.0,600000,1,489,108,0.6,1,0
240,-0.0209757365603177,0.3356110295283878,-0.2100901452490181,0.0062039656716371,300000.0,18084.0,-0.1065021106411562,2.631225259368549,-0.0351727634329577,19,0.0,0,0,427,0,0.0,1,0
180,-0.0209757365603177,0.3356110295283878,0.018665512617111,0.0062039656716371,750000.0,71904.0,-0.1065021106411562,2.5851341521682816,-0.2678160654809588,19,3408.0,970000,0,456,0,0.0,1,0
240,-0.0209757365603177,-0.1988816350926321,0.018665512617111,-0.0112524866188775,300000.0,19152.0,-0.1065021106411562,2.5071726106985697,-0.0351727634329577,19,5688.0,2100000,0,426,48,0.2,0,0
192,0.0488561421735335,-0.1988816350926321,0.018665512617111,0.0062039656716371,240000.0,1323.0,-0.1065021106411562,2.1707003740773567,0.2976502249683694,19,0.0,0,0,489,125,0.6510416666666666,1,0
360,0.0488561421735335,-0.1988816350926321,0.018665512617111,0.0062039656716371,306270.0,61304.0,-0.1065021106411562,2.9771762399443054,0.3359618796004076,19,0.0,0,0,501,8,0.0222222222222222,1,0
180,-0.1375863270313213,0.6276612979531611,0.018665512617111,0.0062039656716371,50000.0,4952.0,-0.1065021106411562,3.060557848883356,-0.2678160654809588,19,404.0,100000,0,516,0,0.0,1,0
120,0.0488561421735335,-0.1988816350926321,0.018665512617111,-0.0112524866188775,200000.0,40050.0,-0.1065021106411562,2.7303161620127794,0.3359618796004076,19,0.0,0,0,671,26,0.2166666666666666,1,0
240,-0.0209757365603177,0.3356110295283878,0.018665512617111,0.0062039656716371,500000.0,33840.0,-0.1065021106411562,2.863847554637302,-0.0351727634329577,19,3240.0,1300000,0,418,0,0.0,1,0
180,-0.0209757365603177,0.6276612979531611,0.018665512617111,-0.0112524866188775,200000.0,21684.0,-0.1065021106411562,2.6995445033460257,-0.0351727634329577,19,5040.0,400000,0,753,0,0.0,1,0
276,-0.0209757365603177,0.3356110295283878,0.018665512617111,0.0062039656716371,295000.0,64512.0,0.5367842917706959,2.900215198808177,0.3359618796004076,19,0.0,0,0,638,0,0.0,1,0
240,-0.0209757365603177,0.3356110295283878,-0.2100901452490181,0.0062039656716371,275000.0,60144.0,-0.1065021106411562,2.474382787875579,0.3359618796004076,19,0.0,0,0,489,0,0.0,1,0
180,-0.0209757365603177,0.3356110295283878,0.018665512617111,0.0062039656716371,800000.0,57684.0,-0.1065021106411562,2.5071726106985697,-0.0351727634329577,19,576.0,50000,1,458,0,0.0,0,0
360,-0.0209757365603177,-0.1988816350926321,0.018665512617111,0.0062039656716371,1500000.0,81084.0,0.5367842917706959,2.6995445033460257,-0.0351727634329577,19,7140.0,4500000,0,345,25,0.0694444444444444,1,0
132,-0.0209757365603177,0.3356110295283878,0.018665512617111,-0.0112524866188775,200000.0,36084.0,0.5367842917706959,2.669691540196345,-0.0351727634329577,19,11928.0,600000,0,659,0,0.0,1,0
300,-0.0209757365603177,-0.1988816350926321,-0.2100901452490181,0.0062039656716371,166670.0,36096.0,0.5367842917706959,2.669691540196345,-0.0351727634329577,19,0.0,0,0,279,24,0.08,1,0
180,-0.0209757365603177,0.3356110295283878,0.018665512617111,-0.0112524866188775,320000.0,23124.0,-0.1065021106411562,3.5569947351972475,-0.0351727634329577,19,0.0,0,0,598,0,0.0,1,0
180,0.0976516306928045,-0.1988816350926321,0.018665512617111,0.0062039656716371,210000.0,14624.0,-0.1065021106411562,2.5071726106985697,-0.0351727634329577,19,0.0,0,0,486,54,0.3,0,0
120,-0.0209757365603177,0.3356110295283878,0.018665512617111,-0.0112524866188775,550000.0,120204.0,0.5367842917706959,1.961945560215247,0.3359618796004076,19,0.0,0,0,367,0,0.0,1,0
240,-0.0209757365603177,-0.1988816350926321,0.018665512617111,0.0062039656716371,250000.0,27084.0,-0.1065021106411562,1.40856032203046,-0.0351727634329577,19,0.0,0,0,446,74,0.3083333333333333,0,0
156,-0.0209757365603177,-0.1988816350926321,0.018665512617111,-0.0112524866188775,133332.0,24084.0,0.5367842917706959,3.488001863710296,-0.0351727634329577,19,516.0,50000,0,444,24,0.1538461538461538,1,0
360,-0.0209757365603177,0.3356110295283878,0.018665512617111,-0.0112524866188775,275000.0,60144.0,-0.1065021106411562,3.828928450680889,0.3359618796004076,19,0.0,0,0,354,0,0.0,1,0
300,-0.0209757365603177,0.3356110295283878,0.018665512617111,-0.0112524866188775,225000.0,12240.0,-0.1065021106411562,2.6995445033460257,-0.0351727634329577,19,792.0,450000,0,298,0,0.0,0,0
360,-0.0209757365603177,0.3356110295283878,0.018665512617111,-0.0112524866188775,500000.0,33840.0,-0.1065021106411562,2.828756234826032,-0.0351727634329577,19,4416.0,1280000,0,346,0,0.0,1,0
240,0.0488561421735335,-0.1988816350926321,0.018665512617111,0.0062039656716371,2500000.0,500050.0,-0.1065021106411562,2.5071726106985697,0.3359618796004076,19,0.0,0,0,535,54,0.225,0,0
156,-0.0209757365603177,0.3356110295283878,0.018665512617111,-0.0112524866188775,400000.0,43284.0,-0.1065021106411562,2.547994605218825,-0.0351727634329577,19,0.0,0,0,536,0,0.0,1,0
180,0.0976516306928045,-0.1988816350926321,0.018665512617111,-0.0112524866188775,577500.0,40104.0,0.5367842917706959,2.4271299030250333,-0.0351727634329577,19,0.0,0,0,442,30,0.1666666666666666,1,0
192,-0.0209757365603177,-0.1988816350926321,0.018665512617111,-0.0112524866188775,200000.0,21684.0,-0.1065021106411562,2.5071726106985697,-0.0351727634329577,19,708.0,400000,0,646,74,0.3854166666666667,0,0
240,-0.0209757365603177,-0.1988816350926321,0.018665512617111,0.0062039656716371,700000.0,37884.0,0.5367842917706959,2.900215198808177,-0.0351727634329577,19,0.0,0,0,305,30,0.125,1,0
240,-0.0209757365603177,-0.1988816350926321,0.018665512617111,0.0062039656716371,520000.0,28164.0,-0.1065021106411562,2.5071726106985697,-0.0351727634329577,19,0.0,0,0,260,67,0.2791666666666667,0,0
324,0.0976516306928045,0.6276612979531611,0.018665512617111,0.0062039656716371,1000000.0,57842.0,-0.1065021106411562,4.404292595584451,-0.0351727634329577,19,0.0,0,0,527,0,0.0,1,0
240,-0.0209757365603177,0.3356110295283878,0.018665512617111,-0.0112524866188775,200000.0,10884.0,-0.1065021106411562,2.5071726106985697,-0.0351727634329577,19,708.0,400000,0,360,0,0.0,0,0
180,-0.0209757365603177,0.3356110295283878,0.018665512617111,-0.0112524866188775,333300.0,24084.0,0.5367842917706959,3.1050096114541903,-0.0351727634329577,19,0.0,0,0,315,0,0.0,1,0
240,-0.0209757365603177,0.3356110295283878,0.018665512617111,0.0062039656716371,200000.0,14940.0,-0.1065021106411562,2.5071726106985697,-0.2678160654809588,19,1668.0,700000,0,521,0,0.0,0,0
360,0.0488561421735335,-0.1988816350926321,0.018665512617111,0.0062039656716371,1500000.0,75050.0,0.5367842917706959,2.5071726106985697,-0.0351727634329577,19,44054.0,4500000,0,453,39,0.1083333333333333,0,0
360,0.0976516306928045,-0.1988816350926321,0.018665512617111,-0.0112524866188775,288250.0,60020.0,-0.1065021106411562,2.5071726106985697,0.3359618796004076,19,0.0,0,0,489,36,0.1,0,0
300,-0.0209757365603177,-0.1988816350926321,0.018665512617111,0.0062039656716371,1000000.0,72096.0,0.5367842917706959,3.798156792014136,-0.0351727634329577,19,17472.0,6400000,2,463,31,0.1033333333333333,1,0
180,-0.0209757365603177,-0.1988816350926321,-0.2100901452490181,0.0062039656716371,480000.0,34644.0,-0.1065021106411562,1.1208782495786789,-0.0351727634329577,19,0.0,0,0,555,107,0.5944444444444444,0,0
240,-0.0209757365603177,0.3356110295283878,0.018665512617111,-0.0112524866188775,700000.0,37884.0,-0.1065021106411562,2.6995445033460257,-0.0351727634329577,19,2460.0,1400000,0,293,0,0.0,1,0
180,-0.0209757365603177,0.3356110295283878,0.018665512617111,0.0062039656716371,500000.0,36084.0,0.5367842917706959,2.9771762399443054,-0.0351727634329577,19,3348.0,1100000,1,330,0,0.0,1,0
360,-0.0209757365603177,-0.1988816350926321,0.018665512617111,-0.0112524866188775,480000.0,26004.0,0.5367842917706959,2.937955526791024,-0.0351727634329577,19,0.0,0,0,241,26,0.0722222222222222,0,0
300,-0.0209757365603177,0.3356110295283878,0.018665512617111,-0.0112524866188775,275000.0,60144.0,-0.1065021106411562,2.937955526791024,0.3359618796004076,19,0.0,0,0,328,0,0.0,1,0
288,-0.1375863270313213,-0.1988816350926321,0.018665512617111,0.0062039656716371,1000000.0,58968.0,0.5367842917706959,3.488001863710296,-0.0351727634329577,19,3500.0,2000000,2,576,24,0.0833333333333333,1,0
240,-0.0209757365603177,0.3356110295283878,0.018665512617111,0.0062039656716371,250000.0,38664.0,0.5367842917706959,2.3893895750421863,-0.0351727634329577,19,444.0,250000,2,504,0,0.0,1,0
180,-0.0209757365603177,0.6276612979531611,0.018665512617111,0.0062039656716371,200000.0,14484.0,-0.1065021106411562,2.7303161620127794,-0.0351727634329577,19,924.0,450000,0,408,0,0.0,1,0
348,0.0488561421735335,-0.1988816350926321,0.018665512617111,0.0062039656716371,300000.0,60050.0,-0.1065021106411562,2.6995445033460257,0.3359618796004076,19,0.0,0,0,627,87,0.25,1,0
240,-0.0209757365603177,-0.1988816350926321,-0.2100901452490181,0.0062039656716371,150000.0,8184.0,-0.1065021106411562,2.5071726106985697,-0.0351727634329577,19,2496.0,250000,2,503,71,0.2958333333333333,0,0
240,-0.0209757365603177,-0.1988816350926321,0.018665512617111,0.0062039656716371,460000.0,24924.0,-0.1065021106411562,2.5071726106985697,-0.0351727634329577,19,1200.0,510000,0,515,144,0.6,0,0
240,-0.0209757365603177,-0.1988816350926321,0.018665512617111,0.0062039656716371,1000000.0,54084.0,-0.1065021106411562,2.5851341521682816,-0.0351727634329577,19,3504.0,2000000,0,527,61,0.2541666666666666,1,0
180,-0.0209757365603177,-0.1988816350926321,0.018665512617111,-0.0112524866188775,200000.0,24084.0,0.5367842917706959,3.1050096114541903,-0.0351727634329577,19,1524.0,550000,0,319,11,0.0611111111111111,1,0
180,-0.0209757365603177,0.3356110295283878,0.018665512617111,0.0062039656716371,1000000.0,72096.0,-0.1065021106411562,1.8140254301386245,-0.0351727634329577,19,0.0,0,2,576,0,0.0,0,0
240,-0.0209757365603177,0.3356110295283878,0.018665512617111,0.0062039656716371,250000.0,14088.0,-0.1065021106411562,2.5071726106985697,-0.0351727634329577,19,1200.0,350000,1,388,0,0.0,0,0
156,-0.0209757365603177,-0.1988816350926321,0.018665512617111,0.0062039656716371,500000.0,109284.0,0.5367842917706959,2.900215198808177,0.3359618796004076,19,0.0,0,0,300,30,0.1923076923076923,1,0
180,-0.1375863270313213,0.6276612979531611,0.018665512617111,-0.0112524866188775,55000.0,4648.0,-0.1065021106411562,2.76206486032736,-0.6801493619141159,19,0.0,0,0,548,0,0.0,1,0
180,-0.0209757365603177,0.3356110295283878,0.018665512617111,-0.0112524866188775,130000.0,10968.0,-0.1065021106411562,1.8140254301386245,-0.6801493619141159,19,0.0,0,0,455,0,0.0,0,0
216,-0.0209757365603177,-0.1988816350926321,0.018665512617111,-0.0112524866188775,700000.0,63084.0,0.5367842917706959,2.5584659050861203,-0.0351727634329577,19,22452.0,3200000,1,449,20,0.0925925925925925,0,0
240,-0.0209757365603177,-0.1988816350926321,0.018665512617111,0.0062039656716371,175000.0,12588.0,-0.1065021106411562,2.5071726106985697,-0.2678160654809588,19,1092.0,450000,0,323,57,0.2375,0,0
180,-0.0209757365603177,0.3356110295283878,0.018665512617111,-0.0112524866188775,150000.0,10920.0,-0.1065021106411562,2.5071726106985697,-0.2678160654809588,19,2148.0,50000,0,641,0,0.0,0,0
180,-0.1375863270313213,0.6276612979531611,0.018665512617111,-0.0112524866188775,615000.0,65268.0,-0.1065021106411562,2.669691540196345,-0.0351727634329577,19,0.0,0,0,771,0,0.0,1,0
180,-0.0209757365603177,-0.1988816350926321,0.018665512617111,0.0062039656716371,100000.0,9108.0,-0.1065021106411562,2.5071726106985697,-0.6801493619141159,19,300.0,50000,0,589,175,0.9722222222222222,0,0
120,-0.0209757365603177,0.3356110295283878,0.018665512617111,0.0062039656716371,120000.0,13044.0,-0.1065021106411562,3.1050096114541903,-0.0351727634329577,19,0.0,0,0,362,0,0.0,1,0
180,0.0488561421735335,0.3356110295283878,-0.2100901452490181,0.0062039656716371,150000.0,1387.0,-0.1065021106411562,1.8140254301386245,0.2976502249683694,19,0.0,0,0,601,0,0.0,0,0
240,-0.1375863270313213,-0.1988816350926321,0.018665512617111,-0.0112524866188775,120000.0,10828.0,-0.1065021106411562,1.8140254301386245,-0.2678160654809588,19,1460.0,410000,0,573,176,0.7333333333333333,0,0
180,0.0976516306928045,-0.1988816350926321,0.018665512617111,0.0062039656716371,140000.0,9772.0,-0.1065021106411562,2.5071726106985697,-0.0351727634329577,19,828.0,190000,0,583,135,0.75,0,0
240,-0.0209757365603177,0.3356110295283878,0.018665512617111,0.0062039656716371,275000.0,60144.0,-0.1065021106411562,2.669691540196345,0.3359618796004076,19,0.0,0,0,429,0,0.0,1,0
180,-0.0209757365603177,0.3356110295283878,0.018665512617111,-0.0112524866188775,175000.0,18984.0,-0.1065021106411562,3.01799823446456,-0.0351727634329577,19,1248.0,225000,0,681,0,0.0,1,0
180,-0.1375863270313213,0.3356110295283878,0.018665512617111,0.0062039656716371,397500.0,28168.0,-0.1065021106411562,2.9771762399443054,-0.0351727634329577,19,0.0,0,0,247,0,0.0,1,0
240,-0.0209757365603177,-0.1988816350926321,0.018665512617111,0.0062039656716371,750000.0,40584.0,0.5367842917706959,3.151529627089083,-0.0351727634329577,19,2520.0,1000000,0,230,24,0.1,1,0
240,-0.0209757365603177,-0.1988816350926321,0.018665512617111,-0.0112524866188775,540000.0,29244.0,0.5367842917706959,3.060557848883356,-0.0351727634329577,19,0.0,0,0,366,10,0.0416666666666666,1,0
360,0.0488561421735335,0.3356110295283878,0.018665512617111,-0.0112524866188775,250000.0,1263.0,-0.1065021106411562,2.51975139290543,0.2976502249683694,19,0.0,0,0,353,0,0.0,1,0
180,-0.0209757365603177,-0.1988816350926321,0.018665512617111,0.0062039656716371,350000.0,25284.0,-0.1065021106411562,2.1707003740773567,-0.0351727634329577,19,1236.0,700000,0,514,73,0.4055555555555555,1,0
240,-0.1375863270313213,0.6276612979531611,0.018665512617111,0.0062039656716371,150000.0,13332.0,-0.1065021106411562,2.5851341521682816,-0.2678160654809588,19,712.0,250000,0,456,0,0.0,0,0
180,-0.0209757365603177,0.3356110295283878,0.018665512617111,0.0062039656716371,250000.0,22032.0,-0.1065021106411562,1.8140254301386245,-0.6801493619141159,19,3192.0,550000,0,464,0,0.0,0,0
240,-0.0209757365603177,-0.1988816350926321,0.018665512617111,0.0062039656716371,450000.0,24384.0,-0.1065021106411562,2.76206486032736,-0.0351727634329577,19,3816.0,1100000,0,537,127,0.5291666666666667,1,0
264,-0.0209757365603177,0.3356110295283878,0.018665512617111,0.0062039656716371,500000.0,38244.0,0.5367842917706959,2.6407040033230924,-0.0351727634329577,19,0.0,0,0,351,0,0.0,1,0
180,-0.0209757365603177,0.3356110295283878,0.018665512617111,0.0062039656716371,500000.0,60096.0,-0.1065021106411562,2.828756234826032,-0.0351727634329577,19,1752.0,1000000,0,473,0,0.0,1,0
240,-0.0209757365603177,-0.1988816350926321,0.018665512617111,0.0062039656716371,250000.0,13584.0,-0.1065021106411562,3.151529627089083,-0.0351727634329577,19,876.0,500000,0,458,100,0.4166666666666667,1,0
180,-0.0209757365603177,-0.1988816350926321,0.018665512617111,-0.0112524866188775,700000.0,50496.0,0.5367842917706959,3.01799823446456,-0.0351727634329577,19,1236.0,700000,0,278,8,0.0444444444444444,1,0
180,-0.0209757365603177,-0.1988816350926321,-0.2100901452490181,0.0062039656716371,500000.0,36084.0,-0.1065021106411562,2.900215198808177,-0.0351727634329577,19,2508.0,600000,3,515,104,0.5777777777777777,1,0
216,0.0488561421735335,-0.1988816350926321,0.018665512617111,0.0062039656716371,300000.0,42908.0,-0.1065021106411562,3.151529627089083,-0.2678160654809588,19,3329.0,42908,0,515,28,0.1296296296296296,1,0
240,-0.1375863270313213,0.3356110295283878,0.018665512617111,-0.0112524866188775,100000.0,5376.0,-0.1065021106411562,1.8140254301386245,-0.0351727634329577,19,176.0,100000,0,597,0,0.0,0,0
216,-0.0209757365603177,-0.1988816350926321,0.018665512617111,-0.0112524866188775,280000.0,61236.0,0.5367842917706959,3.1050096114541903,0.3359618796004076,19,0.0,0,0,457,8,0.037037037037037,1,0
